alpha_id,zoo,theme,cols,needs_sector,status,ic_mean,ic_std,icir,ic_tstat,p,ic_bull,ic_bear,ic_osc,reversal_in_bear,regime_flip,regime_gap,reason,p_fdr,fdr_pass
academic_carhart_mom,,momentum,close,False,ok,-0.00705,0.12265,-0.912,-3.95,0.0002,-0.02987,-0.01454,-0.00098,0.0,0.0,0.01533,,0.0002085,True
academic_cma,,quality,volume,False,ok,0.02441,0.08659,4.476,19.57,0.0,0.01824,0.00888,0.02863,0.0,0.0,-0.00936,,0.0,True
academic_high52w,,momentum,close,False,ok,-0.0125,0.11445,-1.734,-7.17,0.0,-0.02998,-0.05477,-0.00316,0.0,0.0,-0.02479,,0.0,True
academic_hml,,value,close,False,ok,0.03053,0.13048,3.715,16.07,0.0,0.06097,0.05903,0.01885,0.0,0.0,-0.00194,,0.0,True
academic_illiq,,liquidity,"close,volume",False,ok,0.04209,0.1387,4.818,21.35,0.0,0.05923,0.0451,0.03778,0.0,0.0,-0.01413,,0.0,True
academic_mkt_rf,,momentum,close,False,ok,-0.05845,0.14635,-6.34,-28.1,0.0,-0.07915,-0.10023,-0.04614,0.0,0.0,-0.02108,,0.0,True
academic_retskew,,volatility,close,False,ok,0.02323,0.06013,6.134,27.08,0.0,0.03098,0.01609,0.02286,0.0,0.0,-0.01489,,0.0,True
academic_rmw,,quality,close,False,ok,0.04074,0.16161,4.002,17.66,0.0,0.03096,-0.02858,0.05596,0.0,1.0,-0.05954,,0.0,True
academic_smb,,quality,"close,volume",False,ok,0.04499,0.12682,5.631,24.86,0.0,0.05123,0.02444,0.04747,0.0,0.0,-0.02679,,0.0,True
academic_strev,,reversal,close,False,ok,0.05845,0.14635,6.34,28.1,0.0,0.07915,0.10023,0.04614,0.0,0.0,0.02108,,0.0,True
alpha101_001,,"reversal,volatility",close,False,ok,-0.03488,0.08654,-6.398,-28.34,0.0,-0.05591,-0.0276,-0.03163,0.0,0.0,0.02831,,0.0,True
alpha101_002,,"volume,reversal","open,close,volume",False,ok,0.02491,0.05377,7.355,32.64,0.0,0.02065,0.03,0.02491,0.0,0.0,0.00935,,0.0,True
alpha101_003,,"volume,reversal","open,volume,close",False,ok,0.03393,0.05769,9.336,41.42,0.0,0.01988,0.03643,0.03657,0.0,0.0,0.01656,,0.0,True
alpha101_004,,reversal,"low,close",False,ok,0.05972,0.11613,8.164,36.23,0.0,0.10122,0.06005,0.05046,0.0,0.0,-0.04117,,0.0,True
alpha101_005,,reversal,"open,close,vwap",False,ok,-0.02285,0.16006,-2.266,-10.06,0.0,-0.0549,-0.01126,-0.01791,0.0,0.0,0.04365,,0.0,True
alpha101_006,,"volume,reversal","open,volume,close",False,ok,0.02856,0.0794,5.709,25.33,0.0,0.01969,0.02809,0.03061,0.0,0.0,0.0084,,0.0,True
alpha101_007,,"momentum,volume","close,volume",False,ok,-0.01709,0.06679,-4.061,-17.92,0.0,-0.01143,-0.0167,-0.01841,0.0,0.0,-0.00527,,0.0,True
alpha101_008,,reversal,"open,close",False,ok,0.03633,0.1131,5.099,22.61,0.0,0.06374,0.0225,0.03288,0.0,0.0,-0.04124,,0.0,True
alpha101_009,,momentum,close,False,ok,0.01983,0.11232,2.802,12.44,0.0,0.02834,0.00882,0.01997,0.0,0.0,-0.01953,,0.0,True
alpha101_010,,momentum,close,False,ok,0.01173,0.10505,1.772,7.87,0.0,0.01243,0.00312,0.01317,0.0,0.0,-0.00931,,0.0,True
alpha101_011,,"volume,reversal","close,volume,vwap",False,ok,-0.02396,0.12228,-3.11,-13.81,0.0,-0.05319,-0.01798,-0.01854,0.0,0.0,0.03521,,0.0,True
alpha101_012,,"volume,reversal","close,volume",False,ok,0.0365,0.07088,8.175,36.3,0.0,0.04182,0.02902,0.0367,0.0,0.0,-0.0128,,0.0,True
alpha101_013,,volume,"close,volume",False,ok,0.0551,0.06713,13.032,57.85,0.0,0.05362,0.04842,0.05668,0.0,0.0,-0.0052,,0.0,True
alpha101_014,,"volume,momentum","open,close,volume",False,ok,0.02056,0.07903,4.13,18.32,0.0,0.01229,0.01944,0.0226,0.0,0.0,0.00715,,0.0,True
alpha101_015,,volume,"high,volume,close",False,ok,0.04054,0.05567,11.561,51.32,0.0,0.03323,0.03027,0.04409,0.0,0.0,-0.00296,,0.0,True
alpha101_016,,volume,"high,volume,close",False,ok,0.05404,0.06712,12.781,56.74,0.0,0.05057,0.0442,0.05665,0.0,0.0,-0.00636,,0.0,True
alpha101_017,,"volume,reversal","close,volume",False,ok,0.01685,0.09904,2.701,11.97,0.0,0.02475,0.01221,0.01599,0.0,0.0,-0.01253,,0.0,True
alpha101_018,,volatility,"open,close",False,ok,0.03964,0.10984,5.728,25.42,0.0,0.07206,0.01251,0.0375,0.0,0.0,-0.05956,,0.0,True
alpha101_019,,momentum,close,False,ok,0.02078,0.08213,4.016,16.62,0.0,0.01978,0.01353,0.02206,0.0,0.0,-0.00626,,0.0,True
alpha101_020,,reversal,"open,high,low,close",False,ok,-0.00583,0.09041,-1.024,-4.55,0.0,0.01056,-0.00892,-0.00893,0.0,1.0,-0.01948,,0.0,True
alpha101_021,,"momentum,volatility","close,volume",False,ok,0.0135,0.06665,3.216,14.27,0.0,0.02608,0.01176,0.01103,0.0,0.0,-0.01432,,0.0,True
alpha101_022,,"volume,volatility","high,close,volume",False,ok,0.01303,0.06044,3.423,15.17,0.0,0.01566,0.01046,0.01294,0.0,0.0,-0.0052,,0.0,True
alpha101_023,,momentum,"high,close",False,ok,0.04025,0.08332,7.668,33.99,0.0,0.06645,0.04228,0.03414,0.0,0.0,-0.02416,,0.0,True
alpha101_024,,momentum,close,False,ok,0.05154,0.11566,7.074,31.4,0.0,0.08997,0.05772,0.0418,0.0,0.0,-0.03225,,0.0,True
alpha101_025,,"momentum,volume","high,close,volume,vwap",False,ok,0.03049,0.10706,4.52,20.03,0.0,0.04943,0.02769,0.02686,0.0,0.0,-0.02174,,0.0,True
alpha101_026,,volume,"high,volume,close",False,ok,0.0357,0.06575,8.62,38.24,0.0,0.02219,0.03414,0.03898,0.0,0.0,0.01194,,0.0,True
alpha101_027,,volume,"volume,vwap,close",False,ok,0.03198,0.05417,9.373,41.6,0.0,0.01954,0.02527,0.036,0.0,0.0,0.00573,,0.0,True
alpha101_028,,volume,"high,low,close,volume",False,ok,-0.00588,0.07935,-1.177,-5.21,0.0,-0.01466,-0.00198,-0.00469,0.0,0.0,0.01268,,0.0,True
alpha101_029,,"reversal,volume","close,volume",False,ok,0.04455,0.1058,6.684,29.65,0.0,0.06772,0.06083,0.0364,0.0,0.0,-0.00689,,0.0,True
alpha101_030,,"momentum,volume","close,volume",False,ok,0.01629,0.08545,3.026,13.41,0.0,0.02655,0.0199,0.01337,0.0,0.0,-0.00665,,0.0,True
alpha101_031,,momentum,"low,close,volume",False,ok,0.02317,0.0834,4.41,19.53,0.0,0.05138,0.03646,0.0145,0.0,0.0,-0.01492,,0.0,True
alpha101_032,,momentum,"close,vwap",False,ok,0.00702,0.0735,1.516,6.38,0.0,0.0174,0.02462,0.00217,0.0,0.0,0.00723,,0.0,True
alpha101_033,,reversal,"open,close",False,ok,0.03063,0.12191,3.989,17.71,0.0,0.04054,0.02149,0.03011,0.0,0.0,-0.01905,,0.0,True
alpha101_034,,volatility,close,False,ok,0.02176,0.1037,3.331,14.79,0.0,0.03597,0.00628,0.02148,0.0,0.0,-0.02968,,0.0,True
alpha101_035,,"volume,momentum","high,low,close,volume",False,ok,0.02107,0.09316,3.59,15.89,0.0,0.03434,0.01136,0.01997,0.0,0.0,-0.02298,,0.0,True
alpha101_036,,"momentum,volume","open,close,volume,vwap",False,ok,0.00752,0.05566,2.145,9.22,0.0,-0.00218,0.01172,0.00875,1.0,1.0,0.0139,,0.0,True
alpha101_037,,momentum,"open,close",False,ok,0.01935,0.07812,3.931,16.88,0.0,0.02555,0.01051,0.01965,0.0,0.0,-0.01504,,0.0,True
alpha101_038,,reversal,"open,close",False,ok,0.03692,0.12064,4.858,21.55,0.0,0.05423,0.03438,0.03355,0.0,0.0,-0.01985,,0.0,True
alpha101_039,,"momentum,volume","close,volume",False,ok,0.02432,0.09415,4.1,16.97,0.0,0.03435,0.03471,0.02106,0.0,0.0,0.00036,,0.0,True
alpha101_040,,"volatility,volume","high,volume,close",False,ok,0.06279,0.10525,9.471,42.02,0.0,0.07166,0.04142,0.0648,0.0,0.0,-0.03023,,0.0,True
alpha101_041,,reversal,"high,low,vwap,close",False,ok,0.02649,0.16455,2.556,11.35,0.0,0.06299,0.01502,0.02045,0.0,0.0,-0.04797,,0.0,True
alpha101_042,,reversal,"close,vwap",False,ok,-0.00961,0.12621,-1.209,-5.37,0.0,-0.03199,0.00306,-0.00695,1.0,1.0,0.03505,,0.0,True
alpha101_043,,"volume,momentum","close,volume",False,ok,0.01034,0.07858,2.089,9.24,0.0,0.01716,0.00525,0.0098,0.0,0.0,-0.01191,,0.0,True
alpha101_044,,volume,"high,volume,close",False,ok,0.05154,0.06976,11.729,52.07,0.0,0.04663,0.04835,0.05324,0.0,0.0,0.00171,,0.0,True
alpha101_045,,"momentum,volume","close,volume",False,ok,0.02233,0.05669,6.252,27.7,0.0,0.02931,0.01696,0.0218,0.0,0.0,-0.01235,,0.0,True
alpha101_046,,momentum,close,False,ok,0.02868,0.09526,4.779,21.22,0.0,0.04824,0.01163,0.02747,0.0,0.0,-0.03661,,0.0,True
alpha101_047,,"volume,momentum","high,close,volume,vwap",False,ok,0.0255,0.11674,3.467,15.37,0.0,0.06692,0.03883,0.01395,0.0,0.0,-0.02809,,0.0,True
alpha101_049,,momentum,close,False,ok,0.01721,0.11074,2.467,10.95,0.0,0.02968,0.01939,0.01401,0.0,0.0,-0.01029,,0.0,True
alpha101_050,,volume,"volume,vwap,close",False,ok,0.04223,0.06095,10.998,48.8,0.0,0.02766,0.04216,0.04548,0.0,0.0,0.0145,,0.0,True
alpha101_051,,momentum,close,False,ok,0.01725,0.10752,2.547,11.31,0.0,0.03173,0.02002,0.0135,0.0,0.0,-0.01171,,0.0,True
alpha101_052,,momentum,"low,close,volume",False,ok,0.01934,0.08625,3.56,14.9,0.0,0.01917,0.0193,0.01938,0.0,0.0,0.00014,,0.0,True
alpha101_053,,reversal,"high,low,close",False,ok,0.01835,0.08872,3.284,14.57,0.0,0.02045,0.01776,0.018,0.0,0.0,-0.00268,,0.0,True
alpha101_054,,reversal,"open,high,low,close",False,ok,0.01133,0.1011,1.779,7.9,0.0,0.00077,0.01142,0.01368,0.0,0.0,0.01065,,0.0,True
alpha101_055,,"volume,reversal","high,low,close,volume",False,ok,0.03793,0.05352,11.249,49.88,0.0,0.02804,0.04306,0.03915,0.0,0.0,0.01502,,0.0,True
alpha101_057,,reversal,"close,vwap",False,ok,0.00534,0.1189,0.713,3.16,0.0032,-0.01094,0.01565,0.00699,1.0,1.0,0.02659,,0.003294814814814815,True
alpha101_060,,volume,"high,low,close,volume",False,ok,0.01003,0.09952,1.6,7.1,0.0,0.00331,0.01193,0.01117,0.0,0.0,0.00862,,0.0,True
alpha101_061,,volume,"volume,vwap,close",False,ok,0.01414,0.06486,3.462,15.02,0.0,0.01249,0.00639,0.01599,0.0,0.0,-0.0061,,0.0,True
alpha101_062,,volume,"open,high,low,volume,vwap,close",False,ok,0.00538,0.05548,1.538,6.8,0.0,0.00399,0.00117,0.00647,0.0,0.0,-0.00281,,0.0,True
alpha101_064,,volume,"open,high,low,volume,vwap,close",False,ok,0.00476,0.06631,1.14,4.92,0.0,0.01651,0.01164,0.00106,0.0,0.0,-0.00487,,0.0,True
alpha101_065,,volume,"open,volume,vwap,close",False,ok,0.01251,0.07066,2.811,12.39,0.0,0.01219,0.01089,0.01289,0.0,0.0,-0.00131,,0.0,True
alpha101_066,,momentum,"open,high,low,vwap,close",False,ok,0.01202,0.0717,2.662,11.8,0.0,0.01952,0.02031,0.00883,0.0,0.0,0.00079,,0.0,True
alpha101_068,,volume,"high,low,close,volume",False,ok,0.0068,0.0598,1.804,7.98,0.0,0.01305,-0.00398,0.00744,0.0,1.0,-0.01703,,0.0,True
alpha101_071,,"volume,reversal","open,low,close,volume,vwap",False,ok,0.02757,0.09582,4.568,20.25,0.0,0.03091,0.05144,0.0224,0.0,0.0,0.02053,,0.0,True
alpha101_072,,volume,"high,low,volume,vwap,close",False,ok,0.01017,0.05716,2.825,12.47,0.0,0.00061,0.01195,0.01195,0.0,0.0,0.01134,,0.0,True
alpha101_073,,volume,"open,low,vwap,close",False,ok,0.02329,0.10815,3.418,15.17,0.0,0.03367,0.04022,0.01783,0.0,0.0,0.00655,,0.0,True
alpha101_074,,volume,"high,close,volume,vwap",False,ok,0.01101,0.05429,3.218,14.18,0.0,-0.00139,0.01549,0.01289,1.0,1.0,0.01688,,0.0,True
alpha101_075,,volume,"low,volume,vwap,close",False,ok,0.01735,0.04377,6.295,27.79,0.0,0.01463,0.01603,0.01821,0.0,0.0,0.0014,,0.0,True
alpha101_077,,volume,"high,low,volume,vwap,close",False,ok,0.00337,0.11341,0.472,2.09,0.0728,0.02361,-0.00309,0.00015,0.0,1.0,-0.0267,,0.0742239608801956,False
alpha101_078,,volume,"low,volume,vwap,close",False,ok,-0.03124,0.06459,-7.679,-33.88,0.0,-0.02757,-0.01153,-0.03577,0.0,0.0,0.01604,,0.0,True
alpha101_081,,volume,"volume,vwap,close",False,ok,0.0108,0.0484,3.542,15.6,0.0,0.0028,0.01562,0.01165,0.0,0.0,0.01282,,0.0,True
alpha101_083,,"volume,volatility","high,low,close,volume,vwap",False,ok,-0.05256,0.12772,-6.533,-29.0,0.0,-0.07186,-0.02742,-0.05295,0.0,0.0,0.04444,,0.0,True
alpha101_084,,momentum,"close,vwap",False,ok,0.04695,0.10812,6.893,30.5,0.0,0.07768,0.04941,0.03973,0.0,0.0,-0.02826,,0.0,True
alpha101_085,,volume,"high,low,close,volume",False,ok,-0.02807,0.07135,-6.246,-27.63,0.0,-0.01858,-0.02453,-0.03082,0.0,0.0,-0.00594,,0.0,True
alpha101_086,,volume,"open,close,volume,vwap",False,ok,-0.01793,0.08511,-3.344,-14.77,0.0,-0.03414,-0.01355,-0.01517,0.0,0.0,0.02058,,0.0,True
alpha101_088,,volume,"open,high,low,close,volume",False,ok,0.05098,0.10163,7.963,35.34,0.0,0.05584,0.02825,0.05413,0.0,0.0,-0.0276,,0.0,True
alpha101_092,,volume,"open,high,low,close,volume",False,ok,-0.00439,0.05166,-1.348,-5.97,0.0,-0.01064,0.00047,-0.00392,1.0,1.0,0.01111,,0.0,True
alpha101_094,,volume,"volume,vwap,close",False,ok,0.03375,0.08124,6.595,29.05,0.0,0.0469,0.01817,0.03379,0.0,0.0,-0.02873,,0.0,True
alpha101_095,,volume,"open,high,low,volume,close",False,ok,0.01342,0.05666,3.759,16.56,0.0,0.01573,0.00845,0.01385,0.0,0.0,-0.00728,,0.0,True
alpha101_096,,volume,"close,volume,vwap",False,ok,0.01201,0.04005,4.76,21.11,0.0,0.01485,0.01044,0.01167,0.0,0.0,-0.00441,,0.0,True
alpha101_098,,volume,"open,volume,vwap,close",False,ok,-0.00314,0.04809,-1.038,-4.58,0.0,-0.00562,-0.00016,-0.00316,0.0,0.0,0.00547,,0.0,True
alpha101_099,,volume,"high,low,volume,close",False,ok,0.00432,0.05398,1.272,5.6,0.0,-0.00325,0.01629,0.00371,1.0,1.0,0.01955,,0.0,True
alpha101_101,,reversal,"open,high,low,close",False,ok,-0.02236,0.11553,-3.072,-13.64,0.0,-0.02423,-0.01332,-0.02362,0.0,0.0,0.01091,,0.0,True
gtja191_001,,"volume,reversal","volume,close,open",False,ok,0.03772,0.06354,9.423,41.82,0.0,0.03569,0.04053,0.03764,0.0,0.0,0.00484,,0.0,True
gtja191_002,,"reversal,microstructure","close,high,low",False,ok,-0.00106,0.09961,-0.168,-0.75,0.9094,-0.01513,-0.00906,0.00358,0.0,0.0,0.00607,,0.9182077481840194,False
gtja191_003,,momentum,"close,high,low",False,ok,-0.05285,0.11348,-7.393,-32.82,0.0,-0.07807,-0.06264,-0.04541,0.0,0.0,0.01543,,0.0,True
gtja191_006,,reversal,"open,high",False,ok,0.04198,0.10459,6.372,28.29,0.0,0.0631,0.05618,0.03463,0.0,0.0,-0.00692,,0.0,True
gtja191_007,,"volume,microstructure","close,volume,amount",False,ok,0.02416,0.07811,4.911,21.8,0.0,0.03614,0.0277,0.02083,0.0,0.0,-0.00844,,0.0,True
gtja191_008,,reversal,"high,low,volume,amount",False,ok,0.06037,0.13064,7.336,32.56,0.0,0.1083,0.0673,0.04839,0.0,0.0,-0.041,,0.0,True
gtja191_009,,"volume,microstructure","high,low,volume",False,ok,-0.05531,0.1206,-7.28,-32.33,0.0,-0.09387,-0.06755,-0.04439,0.0,0.0,0.02632,,0.0,True
gtja191_010,,"volatility,reversal",close,False,ok,-0.02472,0.14848,-2.643,-11.73,0.0,-0.05483,-0.0166,-0.01952,0.0,0.0,0.03824,,0.0,True
gtja191_011,,"volume,microstructure","close,high,low,volume",False,ok,-0.03712,0.10532,-5.595,-24.84,0.0,-0.05982,-0.06149,-0.02753,0.0,0.0,-0.00167,,0.0,True
gtja191_012,,"reversal,microstructure","open,close,volume,amount",False,ok,0.0452,0.10537,6.809,30.21,0.0,0.07782,0.03984,0.03896,0.0,0.0,-0.03798,,0.0,True
gtja191_013,,microstructure,"high,low,volume,amount",False,ok,-0.00442,0.09264,-0.758,-3.36,0.0015,-0.00668,-0.01968,-0.00107,0.0,0.0,-0.013,,0.0015482673267326733,True
gtja191_014,,momentum,close,False,ok,-0.06523,0.13157,-7.87,-34.93,0.0,-0.11405,-0.07605,-0.05234,0.0,0.0,0.03799,,0.0,True
gtja191_015,,reversal,"open,close",False,ok,0.01678,0.07305,3.647,16.19,0.0,0.00774,0.02128,0.01797,0.0,0.0,0.01353,,0.0,True
gtja191_016,,"volume,microstructure","volume,amount",False,ok,0.04224,0.06095,11.0,48.81,0.0,0.02769,0.0422,0.04547,0.0,0.0,0.0145,,0.0,True
gtja191_017,,reversal,"close,volume,amount",False,ok,0.01409,0.14173,1.578,7.0,0.0,0.0352,-0.03796,0.01913,0.0,1.0,-0.07316,,0.0,True
gtja191_018,,momentum,close,False,ok,-0.06255,0.13546,-7.33,-32.54,0.0,-0.10083,-0.0721,-0.05225,0.0,0.0,0.02873,,0.0,True
gtja191_019,,reversal,close,False,ok,-0.0571,0.12608,-7.19,-31.91,0.0,-0.08592,-0.06625,-0.04898,0.0,0.0,0.01968,,0.0,True
gtja191_020,,momentum,close,False,ok,-0.06032,0.13647,-7.016,-31.14,0.0,-0.09497,-0.07396,-0.05007,0.0,0.0,0.02102,,0.0,True
gtja191_021,,momentum,close,False,ok,-0.03987,0.12793,-4.947,-21.95,0.0,-0.06939,-0.05691,-0.03016,0.0,0.0,0.01249,,0.0,True
gtja191_022,,reversal,close,False,ok,-0.03903,0.11023,-5.622,-24.95,0.0,-0.06754,-0.03116,-0.03418,0.0,0.0,0.03637,,0.0,True
gtja191_023,,volatility,close,False,ok,-0.01765,0.08641,-3.243,-14.37,0.0,-0.02386,-0.02715,-0.01453,0.0,0.0,-0.00329,,0.0,True
gtja191_024,,momentum,close,False,ok,-0.04984,0.13177,-6.004,-26.65,0.0,-0.08633,-0.07508,-0.03701,0.0,0.0,0.01125,,0.0,True
gtja191_025,,"momentum,volume","close,volume",False,ok,0.04733,0.11992,6.266,27.75,0.0,0.07283,0.06704,0.03806,0.0,0.0,-0.00579,,0.0,True
gtja191_026,,"momentum,microstructure","close,volume,amount",False,ok,0.04701,0.10719,6.962,30.81,0.0,0.0713,0.0755,0.03634,0.0,0.0,0.0042,,0.0,True
gtja191_028,,momentum,"close,high,low",False,ok,-0.03699,0.12129,-4.842,-21.49,0.0,-0.06199,-0.04961,-0.0291,0.0,0.0,0.01239,,0.0,True
gtja191_029,,"momentum,volume","close,volume",False,ok,-0.0569,0.12722,-7.099,-31.51,0.0,-0.08941,-0.06374,-0.04839,0.0,0.0,0.02567,,0.0,True
gtja191_030,,volatility,close,False,ok,-0.0407,0.15731,-4.107,-18.2,0.0,-0.03821,0.03098,-0.05459,1.0,1.0,0.06919,,0.0,True
gtja191_031,,reversal,close,False,ok,-0.05968,0.13911,-6.811,-30.21,0.0,-0.09318,-0.07377,-0.04966,0.0,0.0,0.01941,,0.0,True
gtja191_033,,"momentum,volume","low,close,volume",False,ok,0.03303,0.10541,4.974,22.02,0.0,0.0521,0.03687,0.02813,0.0,0.0,-0.01523,,0.0,True
gtja191_034,,reversal,close,False,ok,0.05967,0.13915,6.807,30.2,0.0,0.09308,0.07379,0.04965,0.0,0.0,-0.01929,,0.0,True
gtja191_035,,volume,"open,volume",False,ok,0.01963,0.09422,3.307,14.65,0.0,0.01509,0.04163,0.01652,0.0,0.0,0.02654,,0.0,True
gtja191_036,,volume,"volume,amount",False,ok,-0.04402,0.06643,-10.52,-46.69,0.0,-0.02862,-0.04152,-0.04792,0.0,0.0,-0.0129,,0.0,True
gtja191_038,,reversal,high,False,ok,0.03838,0.08128,7.497,33.23,0.0,0.0597,0.04096,0.03324,0.0,0.0,-0.01874,,0.0,True
gtja191_039,,volume,"close,open,volume,amount",False,ok,0.01395,0.0877,2.526,11.15,0.0,0.01753,0.03332,0.00951,0.0,0.0,0.01579,,0.0,True
gtja191_040,,volume,"close,volume",False,ok,-0.03411,0.09727,-5.567,-24.66,0.0,-0.0372,-0.05513,-0.02951,0.0,0.0,-0.01793,,0.0,True
gtja191_041,,microstructure,"volume,amount",False,ok,0.05767,0.13014,7.034,31.22,0.0,0.08981,0.05377,0.05125,0.0,0.0,-0.03604,,0.0,True
gtja191_043,,"volume,momentum","close,volume",False,ok,-0.04065,0.0966,-6.68,-29.65,0.0,-0.05572,-0.04594,-0.03631,0.0,0.0,0.00978,,0.0,True
gtja191_044,,volume,"low,volume,amount",False,ok,-0.01062,0.07599,-2.219,-9.83,0.0,-0.01501,-0.00116,-0.01143,0.0,0.0,0.01385,,0.0,True
gtja191_045,,volume,"close,open,volume,amount",False,ok,-0.02531,0.08928,-4.5,-19.9,0.0,-0.03965,-0.01302,-0.02445,0.0,0.0,0.02663,,0.0,True
gtja191_046,,reversal,close,False,ok,0.06153,0.13767,7.095,31.44,0.0,0.09115,0.08081,0.05145,0.0,0.0,-0.01034,,0.0,True
gtja191_047,,reversal,"close,high,low",False,ok,0.02702,0.12861,3.335,14.8,0.0,0.04259,0.06895,0.01574,0.0,0.0,0.02635,,0.0,True
gtja191_048,,"volume,momentum","close,volume",False,ok,0.04003,0.10005,6.352,28.16,0.0,0.06319,0.03493,0.03592,0.0,0.0,-0.02827,,0.0,True
gtja191_049,,reversal,"high,low",False,ok,0.03774,0.12468,4.805,21.31,0.0,0.05087,0.05972,0.03074,0.0,0.0,0.00885,,0.0,True
gtja191_050,,reversal,"high,low",False,ok,-0.03774,0.12468,-4.805,-21.32,0.0,-0.05089,-0.05972,-0.03074,0.0,0.0,-0.00883,,0.0,True
gtja191_052,,microstructure,"high,low,close",False,ok,-0.04739,0.12866,-5.847,-25.9,0.0,-0.06241,-0.08082,-0.03786,0.0,0.0,-0.01841,,0.0,True
gtja191_053,,momentum,close,False,ok,-0.01248,0.07748,-2.558,-11.35,0.0,-0.01203,-0.01528,-0.01206,0.0,0.0,-0.00325,,0.0,True
gtja191_054,,"volatility,microstructure","close,open",False,ok,0.04043,0.11136,5.763,25.57,0.0,0.07327,0.01143,0.03854,0.0,0.0,-0.06184,,0.0,True
gtja191_055,,microstructure,"close,high,low,open",False,ok,-0.06038,0.12989,-7.379,-32.71,0.0,-0.08993,-0.08235,-0.04982,0.0,0.0,0.00758,,0.0,True
gtja191_056,,volume,"open,high,low,volume",False,ok,0.02272,0.07078,5.096,22.5,0.0,0.02715,0.02284,0.02172,0.0,0.0,-0.00431,,0.0,True
gtja191_057,,momentum,"close,high,low",False,ok,-0.03127,0.12525,-3.963,-17.58,0.0,-0.05066,-0.05856,-0.02188,0.0,0.0,-0.0079,,0.0,True
gtja191_058,,momentum,close,False,ok,-0.01294,0.08047,-2.552,-11.31,0.0,-0.01172,-0.02401,-0.01115,0.0,0.0,-0.01229,,0.0,True
gtja191_059,,momentum,"close,high,low",False,ok,-0.0468,0.11578,-6.416,-28.44,0.0,-0.06221,-0.07418,-0.03833,0.0,0.0,-0.01197,,0.0,True
gtja191_060,,"volume,microstructure","close,high,low,volume",False,ok,-0.02979,0.09954,-4.751,-21.06,0.0,-0.04004,-0.06494,-0.02101,0.0,0.0,-0.02491,,0.0,True
gtja191_061,,volume,"volume,amount,low",False,ok,0.02959,0.08566,5.483,24.22,0.0,0.04344,0.02956,0.02653,0.0,0.0,-0.01388,,0.0,True
gtja191_063,,momentum,close,False,ok,-0.05149,0.13,-6.288,-27.92,0.0,-0.07435,-0.06668,-0.04355,0.0,0.0,0.00767,,0.0,True
gtja191_064,,volume,"close,volume,amount",False,ok,0.02736,0.05479,7.928,35.18,0.0,0.01535,0.02303,0.03084,0.0,0.0,0.00768,,0.0,True
gtja191_065,,reversal,close,False,ok,0.05991,0.13534,7.028,31.19,0.0,0.09728,0.06207,0.05119,0.0,0.0,-0.03522,,0.0,True
gtja191_066,,reversal,close,False,ok,-0.05991,0.13532,-7.028,-31.2,0.0,-0.09734,-0.06198,-0.05119,0.0,0.0,0.03536,,0.0,True
gtja191_067,,momentum,close,False,ok,-0.05377,0.13571,-6.29,-27.93,0.0,-0.07289,-0.08708,-0.04329,0.0,0.0,-0.01419,,0.0,True
gtja191_068,,volume,"high,low,volume",False,ok,-0.05142,0.12341,-6.615,-29.37,0.0,-0.08697,-0.07179,-0.03967,0.0,0.0,0.01519,,0.0,True
gtja191_069,,microstructure,"open,high,low",False,ok,-0.0291,0.10151,-4.55,-20.17,0.0,-0.02264,-0.04976,-0.02666,0.0,0.0,-0.02711,,0.0,True
gtja191_070,,"volatility,volume",amount,False,ok,-0.08708,0.13017,-10.619,-47.14,0.0,-0.11173,-0.07728,-0.08341,0.0,0.0,0.03445,,0.0,True
gtja191_071,,reversal,close,False,ok,-0.05911,0.14148,-6.633,-29.39,0.0,-0.08173,-0.08922,-0.04855,0.0,0.0,-0.00749,,0.0,True
gtja191_072,,reversal,"close,high,low",False,ok,0.0243,0.13028,2.961,13.14,0.0,0.03744,0.07445,0.01204,0.0,0.0,0.03701,,0.0,True
gtja191_073,,volume,"close,volume,amount",False,ok,-0.00764,0.05819,-2.083,-9.22,0.0,-0.01358,-0.0066,-0.00652,0.0,0.0,0.00698,,0.0,True
gtja191_074,,volume,"low,volume,amount",False,ok,-0.03891,0.07091,-8.71,-38.59,0.0,-0.0293,-0.03564,-0.04162,0.0,0.0,-0.00634,,0.0,True
gtja191_075,,"sentiment,momentum","close,open",False,ok,-0.03559,0.08122,-6.955,-30.83,0.0,-0.0444,-0.04627,-0.03167,0.0,0.0,-0.00187,,0.0,True
gtja191_076,,"volatility,volume","close,volume",False,ok,-0.00658,0.06052,-1.726,-7.65,0.0,-0.00723,-0.01829,-0.00426,0.0,0.0,-0.01106,,0.0,True
gtja191_077,,volume,"high,low,volume,amount",False,ok,0.00924,0.07418,1.977,8.75,0.0,0.0167,0.01707,0.00613,0.0,0.0,0.00038,,0.0,True
gtja191_078,,reversal,"high,low,close",False,ok,-0.0429,0.12324,-5.526,-24.49,0.0,-0.06577,-0.0466,-0.0372,0.0,0.0,0.01917,,0.0,True
gtja191_079,,momentum,close,False,ok,-0.05377,0.13378,-6.381,-28.33,0.0,-0.07378,-0.08107,-0.04421,0.0,0.0,-0.00729,,0.0,True
gtja191_080,,volume,volume,False,ok,-0.04028,0.08661,-7.383,-32.77,0.0,-0.05727,-0.04536,-0.03555,0.0,0.0,0.0119,,0.0,True
gtja191_081,,volume,volume,False,ok,-0.05594,0.12448,-7.133,-31.68,0.0,-0.05395,-0.04626,-0.05818,0.0,0.0,0.00769,,0.0,True
gtja191_082,,reversal,"close,high,low",False,ok,0.02253,0.13086,2.733,12.13,0.0,0.03519,0.07587,0.00978,0.0,0.0,0.04068,,0.0,True
gtja191_084,,"volume,momentum","close,volume",False,ok,-0.03718,0.0986,-5.986,-26.53,0.0,-0.03699,-0.05352,-0.03419,0.0,0.0,-0.01653,,0.0,True
gtja191_087,,microstructure,"close,open,high,low,volume,amount",False,ok,0.01262,0.07352,2.725,12.08,0.0,0.02091,0.02018,0.00939,0.0,0.0,-0.00074,,0.0,True
gtja191_088,,momentum,close,False,ok,-0.05764,0.14589,-6.272,-27.8,0.0,-0.07789,-0.0986,-0.04559,0.0,0.0,-0.02072,,0.0,True
gtja191_089,,momentum,close,False,ok,-0.0321,0.12058,-4.226,-18.76,0.0,-0.05753,-0.03673,-0.02554,0.0,0.0,0.02079,,0.0,True
gtja191_090,,volume,"volume,amount",False,ok,0.04288,0.0616,11.049,49.05,0.0,0.03139,0.03815,0.04632,0.0,0.0,0.00677,,0.0,True
gtja191_091,,"volume,reversal","close,low,volume",False,ok,0.02028,0.09808,3.283,14.53,0.0,0.03805,0.03066,0.01444,0.0,0.0,-0.00739,,0.0,True
gtja191_092,,volume,"close,volume,amount",False,ok,0.02943,0.07353,6.355,28.05,0.0,0.04016,0.02911,0.02712,0.0,0.0,-0.01105,,0.0,True
gtja191_093,,microstructure,"open,low",False,ok,-0.01369,0.13367,-1.625,-7.2,0.0,-0.02059,0.02617,-0.01959,1.0,1.0,0.04675,,0.0,True
gtja191_094,,"volume,momentum","close,volume",False,ok,-0.03946,0.10098,-6.203,-27.47,0.0,-0.03643,-0.05946,-0.03639,0.0,0.0,-0.02304,,0.0,True
gtja191_095,,"volatility,volume",amount,False,ok,-0.07576,0.12944,-9.291,-41.18,0.0,-0.09084,-0.06041,-0.07531,0.0,0.0,0.03043,,0.0,True
gtja191_096,,momentum,"close,high,low",False,ok,-0.0207,0.12372,-2.656,-11.79,0.0,-0.03159,-0.05572,-0.01177,0.0,0.0,-0.02414,,0.0,True
gtja191_097,,"volatility,volume",volume,False,ok,-0.06931,0.12011,-9.161,-40.65,0.0,-0.07044,-0.06414,-0.07003,0.0,0.0,0.0063,,0.0,True
gtja191_098,,reversal,close,False,ok,0.04341,0.11217,6.144,27.28,0.0,0.07473,0.04722,0.03571,0.0,0.0,-0.02751,,0.0,True
gtja191_100,,"volatility,volume",volume,False,ok,-0.0628,0.11871,-8.397,-37.22,0.0,-0.05783,-0.0568,-0.065,0.0,0.0,0.00103,,0.0,True
gtja191_101,,"volume,momentum","open,high,low,close,volume,amount",False,ok,-0.00043,0.04843,-0.142,-0.62,1.065,-0.00384,0.00858,-0.00138,1.0,1.0,0.01242,,1.0,False
gtja191_102,,volume,"close,volume",False,ok,-0.03964,0.08859,-7.103,-31.54,0.0,-0.05188,-0.04599,-0.03572,0.0,0.0,0.00589,,0.0,True
gtja191_103,,reversal,"close,low",False,ok,-0.01911,0.10025,-3.027,-13.42,0.0,-0.00992,-0.04319,-0.01664,0.0,0.0,-0.03328,,0.0,True
gtja191_106,,momentum,close,False,ok,-0.05556,0.13778,-6.401,-28.37,0.0,-0.09522,-0.08666,-0.04109,0.0,0.0,0.00855,,0.0,True
gtja191_108,,"reversal,volume","open,high,low,close,volume,amount",False,ok,0.01624,0.06805,3.789,16.61,0.0,0.01905,0.00739,0.01733,0.0,0.0,-0.01167,,0.0,True
gtja191_109,,volatility,"close,high,low",False,ok,-0.04014,0.10015,-6.362,-28.25,0.0,-0.05287,-0.04233,-0.03687,0.0,0.0,0.01054,,0.0,True
gtja191_110,,momentum,"close,high,low",False,ok,-0.0396,0.11446,-5.492,-24.34,0.0,-0.04806,-0.05836,-0.03426,0.0,0.0,-0.0103,,0.0,True
gtja191_111,,"volume,microstructure","open,high,low,close,volume",False,ok,0.02597,0.09662,4.267,18.95,0.0,0.03296,0.02326,0.02491,0.0,0.0,-0.0097,,0.0,True
gtja191_112,,momentum,close,False,ok,-0.03848,0.12885,-4.741,-21.03,0.0,-0.05441,-0.0585,-0.03124,0.0,0.0,-0.0041,,0.0,True
gtja191_115,,volume,"open,high,low,close,volume",False,ok,0.00149,0.0644,0.368,1.63,0.2073,-0.01417,0.00515,0.00425,1.0,1.0,0.01932,,0.21083926829268293,False
gtja191_116,,momentum,close,False,ok,-0.03938,0.13,-4.809,-21.31,0.0,-0.0643,-0.07357,-0.02756,0.0,0.0,-0.00927,,0.0,True
gtja191_117,,"volume,momentum","close,high,low,volume",False,ok,0.02105,0.09315,3.588,15.88,0.0,0.03432,0.01133,0.01995,0.0,0.0,-0.02299,,0.0,True
gtja191_118,,reversal,"open,high,low,close",False,ok,-0.04201,0.10954,-6.089,-26.99,0.0,-0.04444,-0.05341,-0.03936,0.0,0.0,-0.00897,,0.0,True
gtja191_119,,volume,"open,high,low,close,volume,amount",False,ok,-0.00054,0.04814,-0.178,-0.78,0.8662,-0.00228,0.00587,-0.00136,1.0,1.0,0.00814,,0.8767121359223301,False
gtja191_121,,volume,"open,high,low,close,volume,amount",False,ok,0.03529,0.09321,6.01,26.48,0.0,0.05005,0.02392,0.03418,0.0,0.0,-0.02613,,0.0,True
gtja191_122,,momentum,close,False,ok,-0.03774,0.14146,-4.236,-18.81,0.0,-0.02912,-0.08175,-0.03148,0.0,0.0,-0.05263,,0.0,True
gtja191_124,,reversal,"open,high,low,close,volume,amount",False,ok,0.00542,0.09493,0.907,4.01,0.0001,-0.00298,0.04759,-0.00061,1.0,1.0,0.05057,,0.00010451127819548872,True
gtja191_125,,volume,"open,high,low,close,volume,amount",False,ok,0.00618,0.07761,1.264,5.53,0.0,0.01692,0.02312,0.00074,0.0,0.0,0.0062,,0.0,True
gtja191_126,,reversal,"close,high,low",False,ok,-0.02679,0.16453,-2.585,-11.48,0.0,-0.06347,-0.01559,-0.02065,0.0,0.0,0.04788,,0.0,True
gtja191_127,,volatility,close,False,ok,-0.00098,0.14683,-0.106,-0.47,1.2798,0.01265,0.07375,-0.01788,0.0,0.0,0.06111,,1.0,False
gtja191_128,,momentum,"open,high,low,close,volume",False,ok,-0.03242,0.11116,-4.63,-20.53,0.0,-0.04218,-0.05207,-0.02661,0.0,0.0,-0.00989,,0.0,True
gtja191_129,,momentum,close,False,ok,-0.01929,0.13785,-2.222,-9.86,0.0,-0.01896,0.02377,-0.02738,1.0,1.0,0.04272,,0.0,True
gtja191_130,,volume,"open,high,low,close,volume,amount",False,ok,0.01692,0.05301,5.066,22.37,0.0,0.00697,0.0183,0.01886,0.0,0.0,0.01133,,0.0,True
gtja191_131,,volume,"open,high,low,close,volume,amount",False,ok,-0.01854,0.08278,-3.556,-15.66,0.0,-0.03195,-0.00838,-0.01752,0.0,0.0,0.02356,,0.0,True
gtja191_132,,liquidity,"close,amount",False,ok,-0.06245,0.13681,-7.246,-32.12,0.0,-0.07525,-0.04409,-0.06307,0.0,0.0,0.03116,,0.0,True
gtja191_133,,momentum,"close,high,low",False,ok,0.03319,0.10951,4.811,21.32,0.0,0.03645,0.05912,0.02765,0.0,0.0,0.02267,,0.0,True
gtja191_134,,"momentum,volume","close,volume",False,ok,-0.04622,0.12998,-5.645,-25.04,0.0,-0.06892,-0.05669,-0.03926,0.0,0.0,0.01223,,0.0,True
gtja191_135,,momentum,close,False,ok,-0.04161,0.14234,-4.64,-20.56,0.0,-0.05151,-0.08539,-0.03128,0.0,0.0,-0.03388,,0.0,True
gtja191_137,,volatility,"open,high,low,close",False,ok,-0.04793,0.12322,-6.175,-27.42,0.0,-0.07441,-0.03931,-0.04361,0.0,0.0,0.0351,,0.0,True
gtja191_140,,volume,"open,high,low,close,volume",False,ok,0.02202,0.05602,6.241,27.25,0.0,0.01871,0.00613,0.02573,0.0,0.0,-0.01258,,0.0,True
gtja191_141,,volume,"high,volume,close",False,ok,0.01365,0.04483,4.833,21.42,0.0,0.01131,0.01633,0.01366,0.0,0.0,0.00501,,0.0,True
gtja191_143,,momentum,close,False,ok,-0.00716,0.07779,-1.46,-6.48,0.0,-0.00315,-0.00618,-0.00823,0.0,0.0,-0.00303,,0.0,True
gtja191_144,,liquidity,"close,amount",False,ok,0.04526,0.13886,5.174,22.93,0.0,0.06348,0.04584,0.04116,0.0,0.0,-0.01764,,0.0,True
gtja191_145,,volume,"close,volume",False,ok,-0.03123,0.09077,-5.462,-24.19,0.0,-0.03785,-0.02767,-0.03044,0.0,0.0,0.01018,,0.0,True
gtja191_146,,momentum,close,False,ok,-0.00973,0.08956,-1.724,-7.64,0.0,-0.01869,-0.02314,-0.00527,0.0,0.0,-0.00445,,0.0,True
gtja191_147,,momentum,close,False,ok,-0.0328,0.12655,-4.114,-18.23,0.0,-0.05237,-0.06757,-0.02204,0.0,0.0,-0.0152,,0.0,True
gtja191_148,,volume,"open,high,low,close,volume",False,ok,0.01293,0.07031,2.919,12.87,0.0,0.01441,0.01052,0.01305,0.0,0.0,-0.00389,,0.0,True
gtja191_149,,momentum,close,False,ok,0.03183,0.14998,3.369,14.93,0.0,0.05387,0.08975,0.01622,0.0,0.0,0.03588,,0.0,True
gtja191_150,,volume,"close,high,low,volume",False,ok,-0.08892,0.14206,-9.936,-44.12,0.0,-0.11429,-0.07319,-0.08616,0.0,0.0,0.04109,,0.0,True
gtja191_151,,momentum,close,False,ok,-0.03998,0.13841,-4.585,-20.32,0.0,-0.07265,-0.06413,-0.02833,0.0,0.0,0.00853,,0.0,True
gtja191_152,,momentum,close,False,ok,-0.02214,0.11001,-3.195,-14.14,0.0,-0.02742,-0.04325,-0.01703,0.0,0.0,-0.01583,,0.0,True
gtja191_153,,momentum,close,False,ok,-0.01992,0.15314,-2.065,-9.15,0.0,-0.04988,-0.0091,-0.01538,0.0,0.0,0.04078,,0.0,True
gtja191_154,,volume,"open,high,low,close,volume,amount",False,ok,-0.00455,0.04885,-1.479,-5.66,0.0,-0.00167,-0.00338,-0.00506,0.0,0.0,-0.0017,,0.0,True
gtja191_155,,volume,"close,volume",False,ok,-0.02718,0.09437,-4.573,-20.3,0.0,-0.05018,-0.02213,-0.02297,0.0,0.0,0.02804,,0.0,True
gtja191_156,,volume,"open,high,low,close,volume,amount",False,ok,0.0352,0.09766,5.722,25.39,0.0,0.03866,0.0393,0.03367,0.0,0.0,0.00064,,0.0,True
gtja191_158,,volatility,"close,high,low",False,ok,-0.05929,0.13198,-7.132,-31.67,0.0,-0.06204,-0.0094,-0.06796,0.0,0.0,0.05264,,0.0,True
gtja191_159,,momentum,"open,high,low,close,volume",False,ok,-0.06304,0.15681,-6.382,-28.27,0.0,-0.07125,0.0005,-0.07308,1.0,1.0,0.07176,,0.0,True
gtja191_160,,volatility,close,False,ok,-0.02183,0.16004,-2.165,-9.6,0.0,-0.04265,0.03454,-0.02777,1.0,1.0,0.0772,,0.0,True
gtja191_161,,volatility,"close,high,low",False,ok,-0.04444,0.16291,-4.33,-19.21,0.0,-0.06989,-0.00656,-0.04587,0.0,0.0,0.06334,,0.0,True
gtja191_162,,momentum,close,False,ok,-0.02997,0.11952,-3.981,-17.66,0.0,-0.05307,-0.0192,-0.02688,0.0,0.0,0.03387,,0.0,True
gtja191_163,,volume,"open,high,low,close,volume,amount",False,ok,0.03055,0.10721,4.523,20.05,0.0,0.04944,0.02768,0.02695,0.0,0.0,-0.02176,,0.0,True
gtja191_164,,momentum,"close,high,low",False,ok,0.03709,0.14875,3.958,17.56,0.0,0.05953,0.00441,0.03821,0.0,0.0,-0.05512,,0.0,True
gtja191_165,,volatility,close,False,ok,0.00709,0.06688,1.682,7.34,0.0,0.01738,-0.0034,0.00698,0.0,1.0,-0.02078,,0.0,True
gtja191_166,,volatility,close,False,ok,0.01034,0.10518,1.561,6.9,0.0,0.01287,0.01468,0.00897,0.0,0.0,0.00181,,0.0,True
gtja191_167,,momentum,close,False,ok,-0.05437,0.15337,-5.628,-24.96,0.0,-0.08277,-0.02433,-0.0537,0.0,0.0,0.05844,,0.0,True
gtja191_168,,volume,"close,volume",False,ok,0.04028,0.09344,6.844,30.34,0.0,0.05538,0.04168,0.03672,0.0,0.0,-0.0137,,0.0,True
gtja191_169,,momentum,close,False,ok,-0.02178,0.10791,-3.205,-14.19,0.0,-0.03414,-0.03571,-0.01648,0.0,0.0,-0.00157,,0.0,True
gtja191_170,,volume,"open,high,low,close,volume,amount",False,ok,0.02495,0.11667,3.394,15.05,0.0,0.06629,0.03854,0.01337,0.0,0.0,-0.02775,,0.0,True
gtja191_171,,microstructure,"open,high,low,close",False,ok,0.0167,0.09924,2.671,11.86,0.0,0.01373,0.01194,0.01825,0.0,0.0,-0.00179,,0.0,True
gtja191_172,,momentum,"close,high,low",False,ok,-0.0028,0.08912,-0.498,-2.21,0.0543,-0.01573,0.03753,-0.00748,1.0,1.0,0.05326,,0.05549779411764706,False
gtja191_173,,momentum,close,False,ok,-0.02609,0.15751,-2.63,-11.68,0.0,-0.06058,-0.0183,-0.01981,0.0,0.0,0.04228,,0.0,True
gtja191_174,,volatility,close,False,ok,-0.03034,0.1602,-3.007,-13.33,0.0,-0.05624,0.01956,-0.03397,1.0,1.0,0.07579,,0.0,True
gtja191_175,,volatility,"close,high,low",False,ok,-0.05002,0.1634,-4.859,-21.57,0.0,-0.07667,-0.0131,-0.05096,0.0,0.0,0.06357,,0.0,True
gtja191_176,,volume,"open,high,low,close,volume",False,ok,-0.03793,0.05352,-11.249,-49.88,0.0,-0.02804,-0.04306,-0.03915,0.0,0.0,-0.01502,,0.0,True
gtja191_177,,momentum,"close,high",False,ok,0.03389,0.10048,5.354,23.73,0.0,0.04138,0.05394,0.02851,0.0,0.0,0.01257,,0.0,True
gtja191_178,,"momentum,volume","close,volume",False,ok,-0.02796,0.11431,-3.884,-17.25,0.0,-0.04195,-0.02227,-0.02589,0.0,0.0,0.01968,,0.0,True
gtja191_179,,volume,"open,high,low,close,volume,amount",False,ok,-0.02746,0.06031,-7.229,-31.91,0.0,-0.01707,-0.01975,-0.03122,0.0,0.0,-0.00267,,0.0,True
gtja191_180,,"volume,reversal","close,volume",False,ok,0.00283,0.07487,0.6,2.65,0.0162,0.00265,0.0039,0.00267,0.0,0.0,0.00125,,0.016598034398034398,True
gtja191_181,,volatility,close,False,ok,0.01387,0.11863,1.856,8.21,0.0,0.02027,0.01867,0.01157,0.0,0.0,-0.0016,,0.0,True
gtja191_182,,momentum,"open,high,low,close,volume",False,ok,0.03053,0.08439,5.743,25.45,0.0,0.03221,0.05375,0.02584,0.0,0.0,0.02154,,0.0,True
gtja191_183,,volatility,close,False,ok,0.01202,0.0781,2.443,10.78,0.0,0.01117,0.00125,0.01424,0.0,0.0,-0.00992,,0.0,True
gtja191_185,,reversal,"open,close",False,ok,0.02427,0.10338,3.728,16.55,0.0,0.02384,-0.011,0.03094,0.0,1.0,-0.03484,,0.0,True
gtja191_186,,momentum,"close,high,low",False,ok,-0.00056,0.08668,-0.102,-0.45,1.3006,-0.01534,0.0428,-0.0054,1.0,1.0,0.05814,,1.0,False
gtja191_187,,reversal,"open,high",False,ok,-0.0486,0.15418,-5.004,-22.18,0.0,-0.07259,-0.02209,-0.04829,0.0,0.0,0.0505,,0.0,True
gtja191_188,,volatility,"close,high,low",False,ok,-0.02647,0.08952,-4.694,-20.85,0.0,-0.03842,-0.02726,-0.02365,0.0,0.0,0.01117,,0.0,True
gtja191_189,,volatility,close,False,ok,-0.03924,0.15615,-3.989,-17.7,0.0,-0.0708,0.01235,-0.04185,1.0,1.0,0.08316,,0.0,True
gtja191_190,,momentum,close,False,ok,0.02983,0.0768,6.165,27.27,0.0,0.04205,0.02177,0.02865,0.0,0.0,-0.02028,,0.0,True
qlib158_beta10,,momentum,close,False,ok,-0.05152,0.13896,-5.885,-26.11,0.0,-0.0758,-0.07113,-0.04249,0.0,0.0,0.00467,,0.0,True
qlib158_beta20,,momentum,close,False,ok,-0.05758,0.14606,-6.258,-27.73,0.0,-0.07764,-0.09838,-0.04559,0.0,0.0,-0.02074,,0.0,True
qlib158_beta30,,momentum,close,False,ok,-0.06017,0.14914,-6.405,-28.36,0.0,-0.07873,-0.10778,-0.04721,0.0,0.0,-0.02905,,0.0,True
qlib158_beta5,,momentum,close,False,ok,-0.06253,0.13549,-7.326,-32.52,0.0,-0.10077,-0.0721,-0.05223,0.0,0.0,0.02867,,0.0,True
qlib158_beta60,,momentum,close,False,ok,-0.05025,0.15012,-5.314,-23.45,0.0,-0.06905,-0.0929,-0.03805,0.0,0.0,-0.02385,,0.0,True
qlib158_cntd10,,reversal,close,False,ok,-0.01693,0.09288,-2.894,-12.84,0.0,-0.01916,-0.028,-0.01438,0.0,0.0,-0.00884,,0.0,True
qlib158_cntd20,,reversal,close,False,ok,-0.01568,0.09485,-2.624,-11.63,0.0,-0.01313,-0.04203,-0.01133,0.0,0.0,-0.0289,,0.0,True
qlib158_cntd30,,reversal,close,False,ok,-0.01652,0.09533,-2.751,-12.18,0.0,-0.01589,-0.04658,-0.01105,0.0,0.0,-0.03069,,0.0,True
qlib158_cntd60,,reversal,close,False,ok,-0.01117,0.09614,-1.844,-8.14,0.0,-0.00953,-0.03729,-0.00661,0.0,0.0,-0.02776,,0.0,True
qlib158_cntn10,,reversal,close,False,ok,0.01324,0.08006,2.624,11.64,0.0,0.01406,0.02962,0.01,0.0,0.0,0.01556,,0.0,True
qlib158_cntn20,,reversal,close,False,ok,0.01299,0.08195,2.517,11.15,0.0,0.01082,0.04211,0.00805,0.0,0.0,0.03128,,0.0,True
qlib158_cntn30,,reversal,close,False,ok,0.01355,0.08201,2.622,11.61,0.0,0.01204,0.04454,0.00809,0.0,0.0,0.0325,,0.0,True
qlib158_cntn5,,reversal,close,False,ok,0.02191,0.08228,4.227,18.76,0.0,0.03134,0.03136,0.01805,0.0,0.0,2e-05,,0.0,True
qlib158_cntn60,,reversal,close,False,ok,0.00829,0.08212,1.603,7.08,0.0,0.00609,0.0342,0.0039,0.0,0.0,0.02811,,0.0,True
qlib158_cntp10,,reversal,close,False,ok,-0.01358,0.07728,-2.789,-12.38,0.0,-0.01471,-0.01507,-0.01305,0.0,0.0,-0.00036,,0.0,True
qlib158_cntp30,,reversal,close,False,ok,-0.01362,0.08223,-2.629,-11.64,0.0,-0.01251,-0.02641,-0.01148,0.0,0.0,-0.0139,,0.0,True
qlib158_cntp5,,reversal,close,False,ok,-0.02237,0.07925,-4.482,-19.9,0.0,-0.03024,-0.01952,-0.02115,0.0,0.0,0.01072,,0.0,True
qlib158_cntp60,,reversal,close,False,ok,-0.00937,0.08636,-1.723,-7.61,0.0,-0.00613,-0.01828,-0.00842,0.0,0.0,-0.01215,,0.0,True
qlib158_cord10,,"volume,microstructure","close,volume",False,ok,-0.05027,0.08698,-9.175,-40.7,0.0,-0.05006,-0.05877,-0.04873,0.0,0.0,-0.00871,,0.0,True
qlib158_cord20,,"volume,microstructure","close,volume",False,ok,-0.0519,0.08699,-9.471,-41.98,0.0,-0.0448,-0.06368,-0.05126,0.0,0.0,-0.01888,,0.0,True
qlib158_cord30,,"volume,microstructure","close,volume",False,ok,-0.04872,0.08636,-8.955,-39.65,0.0,-0.03763,-0.0587,-0.04928,0.0,0.0,-0.02106,,0.0,True
qlib158_cord5,,"volume,microstructure","close,volume",False,ok,-0.05283,0.08485,-9.885,-43.88,0.0,-0.06361,-0.05498,-0.05003,0.0,0.0,0.00863,,0.0,True
qlib158_cord60,,"volume,microstructure","close,volume",False,ok,-0.0369,0.08304,-7.053,-31.13,0.0,-0.02129,-0.03954,-0.03986,0.0,0.0,-0.01826,,0.0,True
qlib158_corr10,,"volume,microstructure","close,volume",False,ok,-0.04824,0.08895,-8.609,-38.2,0.0,-0.04083,-0.04725,-0.05007,0.0,0.0,-0.00642,,0.0,True
qlib158_corr20,,"volume,microstructure","close,volume",False,ok,-0.04192,0.09333,-7.13,-31.6,0.0,-0.02303,-0.04448,-0.04557,0.0,0.0,-0.02144,,0.0,True
qlib158_corr30,,"volume,microstructure","close,volume",False,ok,-0.03425,0.0949,-5.729,-25.37,0.0,-0.01561,-0.03753,-0.03772,0.0,0.0,-0.02193,,0.0,True
qlib158_corr5,,"volume,microstructure","close,volume",False,ok,-0.04772,0.08147,-9.299,-41.28,0.0,-0.04774,-0.04652,-0.04794,0.0,0.0,0.00122,,0.0,True
qlib158_corr60,,"volume,microstructure","close,volume",False,ok,-0.01764,0.09073,-3.086,-13.62,0.0,-0.008,-0.01017,-0.02118,0.0,0.0,-0.00217,,0.0,True
qlib158_imax10,,momentum,high,False,ok,-0.03363,0.10012,-5.333,-23.66,0.0,-0.05201,-0.04238,-0.02793,0.0,0.0,0.00963,,0.0,True
qlib158_imax20,,momentum,high,False,ok,-0.03389,0.10048,-5.354,-23.73,0.0,-0.04138,-0.05394,-0.02851,0.0,0.0,-0.01257,,0.0,True
qlib158_imax30,,momentum,high,False,ok,-0.03659,0.09831,-5.908,-26.16,0.0,-0.04471,-0.04796,-0.03268,0.0,0.0,-0.00324,,0.0,True
qlib158_imax5,,momentum,high,False,ok,-0.04429,0.10037,-7.005,-31.1,0.0,-0.06748,-0.0571,-0.03673,0.0,0.0,0.01038,,0.0,True
qlib158_imax60,,momentum,high,False,ok,-0.02533,0.09868,-4.075,-17.99,0.0,-0.03418,-0.02299,-0.02381,0.0,0.0,0.0112,,0.0,True
qlib158_imin10,,momentum,low,False,ok,0.02068,0.10068,3.26,14.46,0.0,0.01212,0.03608,0.0197,0.0,0.0,0.02395,,0.0,True
qlib158_imin20,,momentum,low,False,ok,0.01911,0.10025,3.027,13.42,0.0,0.00992,0.04319,0.01664,0.0,0.0,0.03328,,0.0,True
qlib158_imin30,,momentum,low,False,ok,0.02134,0.0995,3.405,15.08,0.0,0.01984,0.04315,0.0176,0.0,0.0,0.02331,,0.0,True
qlib158_imin5,,momentum,low,False,ok,0.03582,0.10085,5.638,25.03,0.0,0.05262,0.04417,0.03052,0.0,0.0,-0.00845,,0.0,True
qlib158_imin60,,momentum,low,False,ok,0.01612,0.1003,2.551,11.26,0.0,0.007,0.03534,0.01452,0.0,0.0,0.02834,,0.0,True
qlib158_imxd10,,momentum,"high,low",False,ok,-0.03458,0.11073,-4.958,-22.0,0.0,-0.04623,-0.04809,-0.02949,0.0,0.0,-0.00186,,0.0,True
qlib158_imxd20,,momentum,"high,low",False,ok,-0.03319,0.10949,-4.812,-21.33,0.0,-0.03645,-0.05915,-0.02764,0.0,0.0,-0.0227,,0.0,True
qlib158_imxd30,,momentum,"high,low",False,ok,-0.03665,0.10864,-5.355,-23.71,0.0,-0.04469,-0.05787,-0.03092,0.0,0.0,-0.01319,,0.0,True
qlib158_imxd5,,momentum,"high,low",False,ok,-0.047,0.11022,-6.768,-30.05,0.0,-0.0718,-0.05774,-0.03946,0.0,0.0,0.01406,,0.0,True
qlib158_imxd60,,momentum,"high,low",False,ok,-0.02552,0.1088,-3.723,-16.44,0.0,-0.02566,-0.03205,-0.02426,0.0,0.0,-0.00639,,0.0,True
qlib158_klen,,microstructure,"open,high,low",False,ok,-0.06002,0.13116,-7.265,-32.26,0.0,-0.06292,-0.01033,-0.06862,0.0,0.0,0.0526,,0.0,True
qlib158_klow,,microstructure,"open,low,close",False,ok,-0.03889,0.08624,-7.159,-31.79,0.0,-0.03555,-0.01771,-0.04358,0.0,0.0,0.01785,,0.0,True
qlib158_klow2,,microstructure,"open,high,low,close",False,ok,-0.00416,0.0817,-0.808,-3.59,0.0007,0.00011,-0.01118,-0.00381,0.0,1.0,-0.01129,,0.0007261194029850746,True
qlib158_kmid,,microstructure,"open,close",False,ok,-0.03063,0.12195,-3.987,-17.71,0.0,-0.04055,-0.02163,-0.03008,0.0,0.0,0.01891,,0.0,True
qlib158_kmid2,,microstructure,"open,high,low,close",False,ok,-0.02156,0.1153,-2.968,-13.18,0.0,-0.02224,-0.01212,-0.02316,0.0,0.0,0.01012,,0.0,True
qlib158_ksft,,microstructure,"open,high,low,close",False,ok,-0.02791,0.11709,-3.784,-16.8,0.0,-0.03592,-0.02779,-0.02614,0.0,0.0,0.00812,,0.0,True
qlib158_ksft2,,microstructure,"open,high,low,close",False,ok,-0.01873,0.10454,-2.844,-12.63,0.0,-0.01542,-0.01394,-0.02036,0.0,0.0,0.00148,,0.0,True
qlib158_kup,,microstructure,"open,high,close",False,ok,-0.03061,0.08698,-5.587,-24.81,0.0,-0.03616,-0.00199,-0.03469,0.0,0.0,0.03416,,0.0,True
qlib158_kup2,,microstructure,"open,high,low,close",False,ok,-0.00543,0.07539,-1.143,-5.08,0.0,-0.01299,-0.00291,-0.0042,0.0,0.0,0.01008,,0.0,True
qlib158_ma10,,momentum,close,False,ok,0.0611,0.13844,7.006,31.09,0.0,0.09663,0.07304,0.05101,0.0,0.0,-0.02358,,0.0,True
qlib158_ma20,,momentum,close,False,ok,0.05806,0.14097,6.538,28.98,0.0,0.08188,0.08407,0.04801,0.0,0.0,0.00218,,0.0,True
qlib158_ma30,,momentum,close,False,ok,0.06026,0.14215,6.729,29.8,0.0,0.08136,0.09421,0.04929,0.0,0.0,0.01285,,0.0,True
qlib158_ma5,,momentum,close,False,ok,0.0557,0.13398,6.6,29.3,0.0,0.09026,0.05342,0.04842,0.0,0.0,-0.03684,,0.0,True
qlib158_ma60,,momentum,close,False,ok,0.05524,0.14024,6.253,27.6,0.0,0.06735,0.08631,0.04671,0.0,0.0,0.01896,,0.0,True
qlib158_max10,,momentum,"high,close",False,ok,0.00831,0.14695,0.898,3.99,0.0001,0.03432,0.06373,-0.00776,0.0,0.0,0.02941,,0.00010451127819548872,True
qlib158_max20,,momentum,"high,close",False,ok,0.01185,0.14971,1.256,5.57,0.0,0.02999,0.08018,-0.00484,0.0,0.0,0.0502,,0.0,True
qlib158_max30,,momentum,"high,close",False,ok,0.01793,0.14963,1.902,8.42,0.0,0.03382,0.0905,0.00089,0.0,0.0,0.05668,,0.0,True
qlib158_max5,,momentum,"high,close",False,ok,0.00574,0.14066,0.648,2.88,0.008,0.03206,0.04794,-0.00798,0.0,0.0,0.01588,,0.008216748768472906,True
qlib158_max60,,momentum,"high,close",False,ok,0.0201,0.14527,2.197,9.7,0.0,0.03123,0.08421,0.00557,0.0,0.0,0.05298,,0.0,True
qlib158_min10,,momentum,"low,close",False,ok,0.06183,0.12373,7.932,35.2,0.0,0.0823,0.03399,0.06247,0.0,0.0,-0.04831,,0.0,True
qlib158_min20,,momentum,"low,close",False,ok,0.0548,0.12568,6.922,30.68,0.0,0.0657,0.03437,0.05622,0.0,0.0,-0.03133,,0.0,True
qlib158_min30,,momentum,"low,close",False,ok,0.05327,0.12772,6.621,29.32,0.0,0.064,0.03474,0.05437,0.0,0.0,-0.02926,,0.0,True
qlib158_min5,,momentum,"low,close",False,ok,0.06736,0.12142,8.807,39.1,0.0,0.0914,0.03618,0.06781,0.0,0.0,-0.05521,,0.0,True
qlib158_min60,,momentum,"low,close",False,ok,0.04945,0.12835,6.116,27.0,0.0,0.0518,0.02847,0.05288,0.0,0.0,-0.02333,,0.0,True
qlib158_qtld10,,momentum,close,False,ok,0.06384,0.12851,7.885,34.99,0.0,0.09261,0.05264,0.05954,0.0,0.0,-0.03997,,0.0,True
qlib158_qtld20,,momentum,close,False,ok,0.05886,0.12985,7.196,31.9,0.0,0.07395,0.06423,0.05456,0.0,0.0,-0.00973,,0.0,True
qlib158_qtld30,,momentum,close,False,ok,0.06023,0.13224,7.23,32.01,0.0,0.07539,0.07301,0.05451,0.0,0.0,-0.00238,,0.0,True
qlib158_qtld5,,momentum,close,False,ok,0.05894,0.12558,7.45,33.07,0.0,0.08798,0.03901,0.05617,0.0,0.0,-0.04897,,0.0,True
qlib158_qtld60,,momentum,close,False,ok,0.05625,0.13272,6.728,29.7,0.0,0.06235,0.06935,0.05243,0.0,0.0,0.007,,0.0,True
qlib158_qtlu10,,momentum,close,False,ok,0.05148,0.14093,5.799,25.73,0.0,0.08587,0.07911,0.03872,0.0,0.0,-0.00677,,0.0,True
qlib158_qtlu20,,momentum,close,False,ok,0.05201,0.14404,5.732,25.41,0.0,0.0819,0.0893,0.03854,0.0,0.0,0.0074,,0.0,True
qlib158_qtlu30,,momentum,close,False,ok,0.05396,0.14397,5.95,26.35,0.0,0.07965,0.09762,0.04018,0.0,0.0,0.01797,,0.0,True
qlib158_qtlu5,,momentum,close,False,ok,0.04324,0.13499,5.084,22.57,0.0,0.07322,0.05436,0.03448,0.0,0.0,-0.01886,,0.0,True
qlib158_qtlu60,,momentum,close,False,ok,0.0476,0.14045,5.38,23.75,0.0,0.06399,0.08646,0.03666,0.0,0.0,0.02248,,0.0,True
qlib158_rank10,,momentum,close,False,ok,-0.05161,0.12554,-6.526,-28.96,0.0,-0.07424,-0.0576,-0.04548,0.0,0.0,0.01664,,0.0,True
qlib158_rank20,,momentum,close,False,ok,-0.04627,0.12669,-5.797,-25.7,0.0,-0.06191,-0.06109,-0.04008,0.0,0.0,0.00083,,0.0,True
qlib158_rank30,,momentum,close,False,ok,-0.04649,0.12657,-5.831,-25.82,0.0,-0.06177,-0.06215,-0.04021,0.0,0.0,-0.00037,,0.0,True
qlib158_rank5,,momentum,close,False,ok,-0.04887,0.1183,-6.559,-29.11,0.0,-0.07089,-0.05023,-0.04371,0.0,0.0,0.02066,,0.0,True
qlib158_rank60,,momentum,close,False,ok,-0.04295,0.12455,-5.474,-24.17,0.0,-0.05298,-0.05463,-0.03854,0.0,0.0,-0.00165,,0.0,True
qlib158_resi10,,momentum,close,False,ok,-0.0611,0.13844,-7.006,-31.09,0.0,-0.09663,-0.07304,-0.05101,0.0,0.0,0.02358,,0.0,True
qlib158_resi20,,momentum,close,False,ok,-0.05806,0.14097,-6.538,-28.98,0.0,-0.08188,-0.08407,-0.04801,0.0,0.0,-0.00218,,0.0,True
qlib158_resi30,,momentum,close,False,ok,-0.06026,0.14215,-6.729,-29.8,0.0,-0.08136,-0.09421,-0.04929,0.0,0.0,-0.01285,,0.0,True
qlib158_resi5,,momentum,close,False,ok,-0.0557,0.13398,-6.6,-29.3,0.0,-0.09026,-0.05342,-0.04842,0.0,0.0,0.03684,,0.0,True
qlib158_resi60,,momentum,close,False,ok,-0.05524,0.14024,-6.253,-27.6,0.0,-0.06735,-0.08631,-0.04671,0.0,0.0,-0.01896,,0.0,True
qlib158_roc10,,momentum,close,False,ok,-0.05152,0.13891,-5.888,-26.12,0.0,-0.0758,-0.07116,-0.04249,0.0,0.0,0.00464,,0.0,True
qlib158_roc30,,momentum,close,False,ok,-0.06025,0.14891,-6.423,-28.44,0.0,-0.0792,-0.108,-0.04718,0.0,0.0,-0.02881,,0.0,True
qlib158_roc60,,momentum,close,False,ok,-0.05037,0.14961,-5.345,-23.59,0.0,-0.06964,-0.09319,-0.03804,0.0,0.0,-0.02355,,0.0,True
qlib158_rsqr10,,momentum,close,False,ok,-0.00948,0.1011,-1.488,-6.6,0.0,-0.03799,0.0206,-0.00875,1.0,1.0,0.0586,,0.0,True
qlib158_rsqr20,,momentum,close,False,ok,0.00062,0.09539,0.102,0.45,1.2999,-0.00966,0.03183,-0.00295,1.0,1.0,0.0415,,1.0,False
qlib158_rsqr30,,momentum,close,False,ok,0.00186,0.09519,0.309,1.37,0.3415,-0.01099,0.04304,-0.00302,1.0,1.0,0.05402,,0.34648540145985407,False
qlib158_rsqr5,,momentum,close,False,ok,-0.01011,0.09449,-1.699,-7.54,0.0,-0.04089,-0.01343,-0.00263,0.0,0.0,0.02746,,0.0,True
qlib158_rsqr60,,momentum,close,False,ok,0.00442,0.08674,0.808,3.57,0.0007,-0.00094,0.04005,-0.00111,1.0,1.0,0.041,,0.0007261194029850746,True
qlib158_rsv10,,momentum,"high,low,close",False,ok,-0.03688,0.12925,-4.529,-20.09,0.0,-0.05749,-0.05104,-0.02967,0.0,0.0,0.00645,,0.0,True
qlib158_rsv20,,momentum,"high,low,close",False,ok,-0.03454,0.12902,-4.25,-18.84,0.0,-0.04531,-0.06315,-0.02686,0.0,0.0,-0.01783,,0.0,True
qlib158_rsv30,,momentum,"high,low,close",False,ok,-0.03723,0.12913,-4.577,-20.27,0.0,-0.04699,-0.07042,-0.02889,0.0,0.0,-0.02344,,0.0,True
qlib158_rsv5,,momentum,"high,low,close",False,ok,-0.0397,0.1256,-5.017,-22.27,0.0,-0.0626,-0.044,-0.03379,0.0,0.0,0.0186,,0.0,True
qlib158_rsv60,,momentum,"high,low,close",False,ok,-0.03708,0.12693,-4.637,-20.47,0.0,-0.04091,-0.06585,-0.03081,0.0,0.0,-0.02494,,0.0,True
qlib158_std20,,momentum,close,False,ok,-0.02673,0.15149,-2.801,-12.41,0.0,-0.02912,0.05767,-0.04191,1.0,1.0,0.08679,,0.0,True
qlib158_std30,,momentum,close,False,ok,-0.01954,0.15471,-2.005,-8.88,0.0,-0.02315,0.07238,-0.03591,1.0,1.0,0.09553,,0.0,True
qlib158_std5,,momentum,close,False,ok,-0.03912,0.131,-4.74,-21.04,0.0,-0.05077,0.01086,-0.04582,1.0,1.0,0.06163,,0.0,True
qlib158_std60,,momentum,close,False,ok,-0.01208,0.15091,-1.271,-5.61,0.0,-0.01064,0.07679,-0.02913,1.0,1.0,0.08743,,0.0,True
qlib158_sumd10,,reversal,close,False,ok,-0.04119,0.1285,-5.088,-22.57,0.0,-0.06243,-0.05783,-0.03339,0.0,0.0,0.0046,,0.0,True
qlib158_sumd20,,reversal,close,False,ok,-0.04594,0.13018,-5.602,-24.83,0.0,-0.06041,-0.07969,-0.03648,0.0,0.0,-0.01927,,0.0,True
qlib158_sumd30,,reversal,close,False,ok,-0.04813,0.129,-5.923,-26.22,0.0,-0.06274,-0.08112,-0.03877,0.0,0.0,-0.01839,,0.0,True
qlib158_sumd5,,reversal,close,False,ok,-0.05203,0.12672,-6.518,-28.93,0.0,-0.08505,-0.06115,-0.04297,0.0,0.0,0.0239,,0.0,True
qlib158_sumd60,,reversal,close,False,ok,-0.03814,0.12542,-4.827,-21.31,0.0,-0.04708,-0.05951,-0.03213,0.0,0.0,-0.01243,,0.0,True
qlib158_sumn10,,reversal,close,False,ok,0.04118,0.12851,5.087,22.57,0.0,0.06242,0.05783,0.03338,0.0,0.0,-0.0046,,0.0,True
qlib158_sumn20,,reversal,close,False,ok,0.04593,0.13018,5.601,24.83,0.0,0.06041,0.07969,0.03648,0.0,0.0,0.01927,,0.0,True
qlib158_sumn30,,reversal,close,False,ok,0.04813,0.129,5.923,26.22,0.0,0.06274,0.08112,0.03877,0.0,0.0,0.01839,,0.0,True
qlib158_sumn5,,reversal,close,False,ok,0.05165,0.12686,6.463,28.69,0.0,0.0838,0.06109,0.04273,0.0,0.0,-0.0227,,0.0,True
qlib158_sumn60,,reversal,close,False,ok,0.03814,0.12542,4.827,21.31,0.0,0.04708,0.05951,0.03213,0.0,0.0,0.01243,,0.0,True
qlib158_sump10,,reversal,close,False,ok,-0.04119,0.1285,-5.089,-22.58,0.0,-0.06243,-0.05783,-0.03339,0.0,0.0,0.0046,,0.0,True
qlib158_sump5,,reversal,close,False,ok,-0.05197,0.1266,-6.517,-28.93,0.0,-0.08491,-0.06101,-0.04296,0.0,0.0,0.02389,,0.0,True
qlib158_vma10,,"volume,volatility",volume,False,ok,0.03599,0.08902,6.419,28.48,0.0,0.05004,0.0423,0.03171,0.0,0.0,-0.00774,,0.0,True
qlib158_vma30,,"volume,volatility",volume,False,ok,0.04453,0.09491,7.448,32.98,0.0,0.05825,0.04379,0.04165,0.0,0.0,-0.01446,,0.0,True
qlib158_vma5,,"volume,volatility",volume,False,ok,0.02789,0.0837,5.29,23.48,0.0,0.03312,0.03748,0.02494,0.0,0.0,0.00436,,0.0,True
qlib158_vma60,,"volume,volatility",volume,False,ok,0.04968,0.09472,8.326,36.75,0.0,0.0593,0.04405,0.04861,0.0,0.0,-0.01525,,0.0,True
qlib158_vstd10,,"volume,volatility",volume,False,ok,-0.0036,0.07194,-0.795,-3.53,0.0008,-0.00161,-0.0006,-0.00461,0.0,0.0,0.00101,,0.0008277915632754342,True
qlib158_vstd20,,"volume,volatility",volume,False,ok,0.00978,0.07933,1.956,8.67,0.0,0.02191,0.01245,0.00662,0.0,0.0,-0.00947,,0.0,True
qlib158_vstd30,,"volume,volatility",volume,False,ok,0.02,0.08419,3.771,16.7,0.0,0.03587,0.02187,0.01616,0.0,0.0,-0.014,,0.0,True
qlib158_vstd5,,"volume,volatility",volume,False,ok,-0.01973,0.0687,-4.558,-20.24,0.0,-0.02857,-0.02015,-0.01768,0.0,0.0,0.00842,,0.0,True
qlib158_vstd60,,"volume,volatility",volume,False,ok,0.0344,0.08902,6.135,27.08,0.0,0.0474,0.03514,0.03139,0.0,0.0,-0.01226,,0.0,True
qlib158_vsumd10,,"volume,volatility",volume,False,ok,-0.03821,0.08798,-6.894,-30.58,0.0,-0.05115,-0.04192,-0.03465,0.0,0.0,0.00923,,0.0,True
qlib158_vsumd20,,"volume,volatility",volume,False,ok,-0.04397,0.08916,-7.829,-34.7,0.0,-0.05248,-0.04502,-0.04191,0.0,0.0,0.00747,,0.0,True
qlib158_vsumd30,,"volume,volatility",volume,False,ok,-0.04779,0.08869,-8.554,-37.87,0.0,-0.05677,-0.04964,-0.04547,0.0,0.0,0.00714,,0.0,True
qlib158_vsumd5,,"volume,volatility",volume,False,ok,-0.0389,0.08535,-7.236,-32.12,0.0,-0.05433,-0.04482,-0.03437,0.0,0.0,0.0095,,0.0,True
qlib158_vsumd60,,"volume,volatility",volume,False,ok,-0.04715,0.08799,-8.507,-37.55,0.0,-0.05196,-0.03749,-0.0479,0.0,0.0,0.01447,,0.0,True
qlib158_vsumn10,,"volume,volatility",volume,False,ok,0.03821,0.08798,6.894,30.58,0.0,0.05115,0.04192,0.03465,0.0,0.0,-0.00923,,0.0,True
qlib158_vsumn20,,"volume,volatility",volume,False,ok,0.04397,0.08916,7.829,34.7,0.0,0.05248,0.04502,0.04191,0.0,0.0,-0.00747,,0.0,True
qlib158_vsumn30,,"volume,volatility",volume,False,ok,0.04779,0.08869,8.554,37.87,0.0,0.05677,0.04964,0.04547,0.0,0.0,-0.00714,,0.0,True
qlib158_vsumn5,,"volume,volatility",volume,False,ok,0.0389,0.08535,7.236,32.12,0.0,0.05433,0.04482,0.03436,0.0,0.0,-0.00951,,0.0,True
qlib158_vsumn60,,"volume,volatility",volume,False,ok,0.04715,0.08799,8.507,37.55,0.0,0.05196,0.03749,0.0479,0.0,0.0,-0.01447,,0.0,True
qlib158_vsump5,,"volume,volatility",volume,False,ok,-0.03891,0.08534,-7.237,-32.12,0.0,-0.05433,-0.04483,-0.03437,0.0,0.0,0.0095,,0.0,True
qlib158_wvma10,,"volume,volatility","close,volume",False,ok,-0.01734,0.06589,-4.177,-18.53,0.0,-0.01228,-0.02978,-0.01614,0.0,0.0,-0.0175,,0.0,True
qlib158_wvma20,,"volume,volatility","close,volume",False,ok,-0.02179,0.06442,-5.37,-23.8,0.0,-0.01829,-0.03253,-0.02056,0.0,0.0,-0.01424,,0.0,True
qlib158_wvma30,,"volume,volatility","close,volume",False,ok,-0.01865,0.0667,-4.439,-19.65,0.0,-0.01355,-0.02548,-0.0185,0.0,0.0,-0.01192,,0.0,True
qlib158_wvma5,,"volume,volatility","close,volume",False,ok,-0.00613,0.06903,-1.41,-6.26,0.0,0.00915,-0.01201,-0.00844,0.0,1.0,-0.02116,,0.0,True
qlib158_wvma60,,"volume,volatility","close,volume",False,ok,-0.01358,0.0664,-3.245,-14.33,0.0,-0.014,-0.01904,-0.01245,0.0,0.0,-0.00504,,0.0,True
alpha101_048,,"momentum,volatility",close,True,ok,-0.00299,0.04528,-1.048,-4.25,0.0,-0.00449,-0.0035,-0.00266,0.0,0.0,0.00099,,0.0,True
alpha101_056,,momentum,close,True,ok,0.01021,0.09776,1.658,7.36,0.0,0.02085,-0.00485,0.01066,0.0,1.0,-0.0257,,0.0,True
alpha101_058,,volume,"volume,vwap,close",True,ok,0.00577,0.04399,2.081,9.23,0.0,0.00978,0.00584,0.00487,0.0,0.0,-0.00394,,0.0,True
alpha101_059,,volume,"volume,vwap,close",True,ok,0.00358,0.04649,1.221,5.41,0.0,0.00071,0.00989,0.00303,0.0,0.0,0.00918,,0.0,True
alpha101_063,,"volume,momentum","open,close,volume,vwap",True,ok,0.00677,0.06515,1.649,6.91,0.0,0.00399,0.0189,0.00531,0.0,0.0,0.0149,,0.0,True
alpha101_067,,volume,"high,volume,vwap,close",True,ok,0.02954,0.06778,6.918,30.65,0.0,0.04388,0.02276,0.02766,0.0,0.0,-0.02113,,0.0,True
alpha101_069,,volume,"close,volume,vwap",True,ok,0.03688,0.08026,7.295,32.29,0.0,0.06101,0.03245,0.03241,0.0,0.0,-0.02856,,0.0,True
alpha101_070,,"momentum,volume","close,volume,vwap",True,ok,0.01058,0.07279,2.307,10.16,0.0,0.01951,0.00449,0.00977,0.0,0.0,-0.01502,,0.0,True
alpha101_076,,volume,"low,volume,vwap,close",True,ok,0.01969,0.09214,3.392,15.05,0.0,0.0353,0.04447,0.01163,0.0,0.0,0.00917,,0.0,True
alpha101_079,,"volume,momentum","open,close,volume,vwap",True,ok,0.01035,0.04673,3.515,15.25,0.0,0.00856,-0.0014,0.01292,0.0,1.0,-0.00996,,0.0,True
alpha101_080,,"momentum,volume","open,high,volume,close",True,ok,0.02254,0.06617,5.407,23.97,0.0,0.03972,0.02468,0.01838,0.0,0.0,-0.01503,,0.0,True
alpha101_082,,volume,"open,volume,close",True,ok,0.01335,0.08099,2.618,11.61,0.0,0.02151,0.03538,0.00746,0.0,0.0,0.01387,,0.0,True
alpha101_087,,momentum,"close,vwap,volume",True,ok,0.04303,0.09649,7.08,31.43,0.0,0.07403,0.05225,0.0344,0.0,0.0,-0.02178,,0.0,True
alpha101_089,,"volume,momentum","low,volume,vwap,close",True,ok,0.00399,0.06006,1.054,4.67,0.0,0.00341,0.00529,0.00387,0.0,0.0,0.00188,,0.0,True
alpha101_090,,volume,"low,close,volume",True,ok,0.01333,0.09956,2.126,9.4,0.0,0.02625,0.02601,0.0081,0.0,0.0,-0.00024,,0.0,True
alpha101_091,,volume,"close,volume,vwap",True,ok,-0.00742,0.05228,-2.253,-9.97,0.0,-0.01377,-0.0057,-0.00635,0.0,0.0,0.00807,,0.0,True
fundamental_quality_roe,,quality,close,False,ok,0.01185,0.04685,4.015,17.73,0.0,0.0096,0.00278,0.01405,0.0,0.0,-0.00682,,0.0,True
fundamental_quality_roe_change,,quality,close,False,ok,0.00354,0.02952,1.901,8.35,0.0,0.00338,0.00698,0.00292,0.0,0.0,0.00359,,0.0,True
fundamental_value_pb_inv,,value,close,False,ok,0.01052,0.0837,1.995,8.81,0.0,0.01624,0.0023,0.0108,0.0,0.0,-0.01394,,0.0,True
